{"cameraMode":{"drawMode":0,"name":"Shaded","section":"Shading Mode"},"sceneLighting":true,"audioPlay":false,"sceneViewState":{"m_AlwaysRefresh":false,"showFog":true,"showSkybox":true,"showFlares":true,"showImageEffects":true,"showParticleSystems":true,"showVisualEffectGraphs":true,"m_FxEnabled":true},"in2DMode":false,"pivot":{"x":-9.929221153259278,"y":2.2548747062683107,"z":0.32402878999710085},"rotation":{"x":-0.04674675688147545,"y":0.6940881609916687,"z":-0.04525456205010414,"w":-0.7169528603553772},"size":2.3333170413970949,"orthographic":false}